{"cameraMode":{"drawMode":0,"name":"Shaded","section":"Shading Mode"},"sceneLighting":false,"audioPlay":false,"sceneViewState":{"showFog":true,"showMaterialUpdate":false,"showSkybox":false,"showFlares":true,"showImageEffects":true,"showParticleSystems":true},"in2DMode":false,"pivot":{"x":0.55316162109375,"y":0.19403457641601563,"z":0.00994873046875},"rotation":{"x":-0.011996238492429257,"y":-0.023995954543352128,"z":-0.0002879638341255486,"w":0.9996398091316223},"size":0.8187616467475891,"orthographic":true}